Workbook
Name VHD_TRUOC_THUE: VietHoaDon!$B$7
Name VHD_UU_TIEN_DG: VietHoaDon!$B$9
Name VHD_SL1_TO: VietHoaDon!$C$2
Name VHD_DG1_BE: VietHoaDon!$B$3
Name VHD_UU_TIEN_SL: VietHoaDon!$B$8
Name VHD_DG1_TO: VietHoaDon!$C$3
Name VHD_DG2_TO: VietHoaDon!$C$5
Name VHD_SL1_BE: VietHoaDon!$B$2
Name VHD_GIA_TRI_MUC_TIEU: VietHoaDon!$B$6
Name VHD_DG2_BE: VietHoaDon!$B$5
Name VHD_SL2_TO: VietHoaDon!$C$4
Name VHD_SL2_BE: VietHoaDon!$B$4

Sheet TonKho
A1: Mã hàng | B1: Tên hàng | C1: ĐVT | D1: Số lượng | E1: Giá trị | F1: Đơn giá BQ
A2: ONGTHEP | B2: Ống thép, Ống tôn mạ CN 20x40x1.4x6.0 | C2: kg | D2: 1834.13 | E2: 28512376 | F2: 15545.45
A3: THEPGOC | B3: Thép góc | C3: kg | D3: 0 | E3: -1.8626451e-09 | F3: 0
A4: THEPHINH | B4: Thép hình, Thép U, Thép I, Thép V, Thép H | C4: kg | D4: 1069.79 | E4: 16008404 | F4: 14964.062
A5: THEPHOP | B5: Thép hộp | C5: kg | D5: 10473.31 | E5: 1.571908e+08 | F5: 15008.703 | H5: ĐÃ CẬP NHẬT ĐẾN NGÀY
A6: THEPONG | B6: Thép ống | C6: kg | D6: 60.01 | E6: 874604.89 | F6: 14574.319 | H6: 46204
A7: THEPTAM | B7: Thép tấm | C7: kg | D7: 6923.941 | E7: 1.1160185e+08 | F7: 16118.256
A8: TONMA | B8: Tôn mạ | C8: kg | D8: 0 | E8: 0 | F8: 0
A9: XAGO | B9: Xà gồ | C9: kg | D9: 2588 | E9: 43289476 | F9: 16727
A10: TỔNG | D10: =SUM(tblTonKho[Số lượng]) -> 22949.181 | E10: =SUM(tblTonKho[Giá trị]) -> 3.5747751e+08

Sheet Nhap-Xuat
A1: STT | B1: Ngày | C1: Hóa đơn số | D1: Tên khách hàng | E1: Mã hàng | F1: Tên hàng | G1: Phân loại | H1: Số lượng | I1: Đơn giá | J1: Thành tiền | K1: Đơn giá BQ | L1: Số lượng tồn | M1: Giá trị tồn | N1: HashIndex | O1: InvoiceKey | P1: HĐ
A2: {=IF(B2:B1333="","", COUNTIFS(B2:B1333,"<"&B2:B1333) + COUNTIFS(B2:B1333,B2:B1333,G2:G1333,"<"&G2:G1333) + COUNTIFS(B2:B1333,B2:B1333,G2:G1333,G2:G1333,ROW(B2:B1333),"<="&ROW(B2:B1333)) )} -> 1 | B2: 41856 | C2: 750 | D2: CT TNHH Hoàng Mạnh | E2: THEPHINH | G2: NHAP | H2: 880 | I2: 15500 | J2: 13640000 | K2: 15500 | L2: 880 | M2: 13640000 | N2: e421f31badc311cde96791e067a8ea9489c5bf6e2ec852acb3584548ad250e50 | P2: {=IFERROR( HYPERLINK( "https://drive.google.com/file/d/"& XLOOKUP(O2,'Hoa-Don'!A:A,'Hoa-Don'!D:D) &"/view", "🔎" ), "" )}
A3: 2 | B3: 41860 | C3: 961 | D3: CT CP Thép Miền Bắc | E3: THEPTAM | G3: NHAP | H3: 9550 | I3: 11454.55 | J3: 1.0939095e+08 | K3: 11454.55 | L3: 9550 | M3: 1.0939095e+08 | N3: b6d89e982b5ae453f36ee36e1f582fb1eea369853dc01d0f8af50b8c22417820 | P3: {=IFERROR( HYPERLINK( "https://drive.google.com/file/d/"& XLOOKUP(O3,'Hoa-Don'!A:A,'Hoa-Don'!D:D) &"/view", "🔎" ), "" )}
A4: 3 | B4: 41866 | C4: 1 | D4: CT TNHH Hoàng Mạnh | E4: THEPTAM | G4: XUAT | H4: 850 | I4: 11454.55 | J4: 9736367.5 | K4: 11454.55 | L4: 8700 | M4: 99654585 | N4: 46ee886a93bcbc1c6546523a804ad89b5e970544740d67a463dae39e76586695 | P4: {=IFERROR( HYPERLINK( "https://drive.google.com/file/d/"& XLOOKUP(O4,'Hoa-Don'!A:A,'Hoa-Don'!D:D) &"/view", "🔎" ), "" )}
A5: 4 | B5: 41878 | C5: 3 | D5: Nguyễn Văn Nam | E5: THEPTAM | G5: XUAT | H5: 92 | I5: 11454.55 | J5: 1053818.6 | K5: 11454.55 | L5: 8608 | M5: 98600766 | N5: 281d646ba96a0f080dbf37dfd250a729bdb70548e420a6994e8bf7062a9c3c3e | P5: {=IFERROR( HYPERLINK( "https://drive.google.com/file/d/"& XLOOKUP(O5,'Hoa-Don'!A:A,'Hoa-Don'!D:D) &"/view", "🔎" ), "" )}
A6: 5 | B6: 41914 | C6: 5 | D6: CT CP Cầu Đuống Sông Hoá | E6: THEPTAM | G6: XUAT | H6: 147 | I6: 11454.55 | J6: 1683818.8 | K6: 11454.55 | L6: 8461 | M6: 96916948 | N6: c8112f99426176a5d60c06a8c8926009c2bebd739a34b1bb49fe85307a71d047 | P6: {=IFERROR( HYPERLINK( "https://drive.google.com/file/d/"& XLOOKUP(O6,'Hoa-Don'!A:A,'Hoa-Don'!D:D) &"/view", "🔎" ), "" )}
A7: 6 | B7: 41915 | C7: 6 | D7: CN CT TNHH MTV KTCTTL Bắc Thái Bình-xn Xây Lắp | E7: THEPTAM | G7: XUAT | H7: 1189 | I7: 11454.55 | J7: 13619460 | K7: 11454.55 | L7: 7272 | M7: 83297488 | N7: fabfe5daeaa3d857e2bb38fe1558e62ed7c02cb0a69d7e50fd3a887e9ff42957 | P7: {=IFERROR( HYPERLINK( "https://drive.google.com/file/d/"& XLOOKUP(O7,'Hoa-Don'!A:A,'Hoa-Don'!D:D) &"/view", "🔎" ), "" )}
A8: 7 | B8: 41915 | C8: 7 | D8: CT CP Tư Vấn Xây Dựng Và Thương Mại Bắc Đô | E8: THEPTAM | G8: XUAT | H8: 220 | I8: 11454.55 | J8: 2520001 | K8: 11454.55 | L8: 7052 | M8: 80777487 | N8: 14c3c526cd3c6df4d39693ed4bb790da6b66db3eae3b9b8125d5014b83b0d4b7 | P8: {=IFERROR( HYPERLINK( "https://drive.google.com/file/d/"& XLOOKUP(O8,'Hoa-Don'!A:A,'Hoa-Don'!D:D) &"/view", "🔎" ), "" )}
A9: 8 | B9: 41939 | C9: 2823 | D9: CT CP Sản Xuất Và Kinh Doanh Kim Khí | E9: THEPTAM | G9: NHAP | H9: 6290 | I9: 11000 | J9: 69190000 | K9: 11240.255 | L9: 13342 | M9: 1.4996749e+08 | N9: b33972b10f9b327a626faaed23ba4789d64ca194daa53cdfe4494a83e7a75aa5 | P9: {=IFERROR( HYPERLINK( "https://drive.google.com/file/d/"& XLOOKUP(O9,'Hoa-Don'!A:A,'Hoa-Don'!D:D) &"/view", "🔎" ), "" )}
A10: 9 | B10: 41956 | C10: 160 | D10: CT TNHH MTV Thép Hoàng Khang | E10: THEPHINH | G10: NHAP | H10: 1385 | I10: 13000 | J10: 18005000 | K10: 13971.302 | L10: 2265 | M10: 31645000 | N10: f9a1a8d2a54184fc26929ba2f7f7211b1df0f14a62a419b684342c61565c344a | P10: {=IFERROR( HYPERLINK( "https://drive.google.com/file/d/"& XLOOKUP(O10,'Hoa-Don'!A:A,'Hoa-Don'!D:D) &"/view", "🔎" ), "" )}
A11: 10 | B11: 41958 | C11: 8 | D11: CN CT TNHH MTV KTCTTL Bắc Thái Bình-xn Xây Lắp | E11: THEPTAM | G11: XUAT | H11: 1286 | I11: 11240.255 | J11: 14454968 | K11: 11240.255 | L11: 12056 | M11: 1.3551252e+08 | N11: b69ab2d41ab5567ba9026ee4beead63d0bea04ffe51b3dbf5d0ffb1992be0185 | P11: {=IFERROR( HYPERLINK( "https://drive.google.com/file/d/"& XLOOKUP(O11,'Hoa-Don'!A:A,'Hoa-Don'!D:D) &"/view", "🔎" ), "" )}
A12: 11 | B12: 41965 | C12: 178 | D12: CT TNHH MTV Thép Hoàng Khang | E12: THEPHINH | G12: NHAP | H12: 1380 | I12: 13000 | J12: 17940000 | K12: 13603.567 | L12: 3645 | M12: 49585000 | N12: 55b196e3abde4d77575c3c73a177dfec7531af8488de4b8f680578e43dddf896 | P12: {=IFERROR( HYPERLINK( "https://drive.google.com/file/d/"& XLOOKUP(O12,'Hoa-Don'!A:A,'Hoa-Don'!D:D) &"/view", "🔎" ), "" )}
A13: 12 | B13: 41967 | C13: 180 | D13: CT TNHH MTV Thép Hoàng Khang | E13: THEPHINH | G13: NHAP | H13: 1235 | I13: 13000 | J13: 16055000 | K13: 13450.82 | L13: 4880 | M13: 65640000 | N13: 030b91a3c22fad846b9422ad57305760c56720c613b911ada5873c34df930d67 | P13: {=IFERROR( HYPERLINK( "https://drive.google.com/file/d/"& XLOOKUP(O13,'Hoa-Don'!A:A,'Hoa-Don'!D:D) &"/view", "🔎" ), "" )}
A14: 13 | B14: 41969 | C14: 9 | D14: CN CT TNHH MTV KTCTTL Bắc Thái Bình-xn Xây Lắp | E14: THEPTAM | G14: XUAT | H14: 988 | I14: 11240.255 | J14: 11105372 | K14: 11240.255 | L14: 11068 | M14: 1.2440715e+08 | N14: 63f07129331634a3795fc82d45f9bde312ef9c3c337447d2a16b208a0cb2644f | P14: {=IFERROR( HYPERLINK( "https://drive.google.com/file/d/"& XLOOKUP(O14,'Hoa-Don'!A:A,'Hoa-Don'!D:D) &"/view", "🔎" ), "" )}
... A1118: 1117 | B1118: 45657 | C1118: 24 | D1118: CT TNHH Haiyang | E1118: THEPTAM | G1118: XUAT | H1118: 572 | I1118: 15858.214 | J1118: 9070898.6 | K1118: 15858.214 | L1118: 17351.24 | M1118: 2.7515968e+08 | N1118: 926dcda1ad3366a72b3216cc362fb8af3c476f5193fb65b2f9d009cb6ee1c7e7 | P1118: {=IFERROR( HYPERLINK( "https://drive.google.com/file/d/"& XLOOKUP(O1118,'Hoa-Don'!A:A,'Hoa-Don'!D:D) &"/view", "🔎" ), "" )}
A1119: 1118 | B1119: 45661 | C1119: 1 | D1119: CT CP Sản Xuất Và Thương Mại Tín Thành Hưng | E1119: THEPTAM | F1119: Thép tấm cắt theo yêu cầu | G1119: XUAT | H1119: 201 | I1119: 15858.214 | J1119: 3187501.1 | K1119: 15858.214 | L1119: 17150.24 | M1119: 2.7197218e+08 | N1119: 61eae8e6468b7e3b38a4e68059ae3815cafdbbd1e0eb49e0c5732ff6e65f8d0c | P1119: {=IFERROR( HYPERLINK( "https://drive.google.com/file/d/"& XLOOKUP(O1119,'Hoa-Don'!A:A,'Hoa-Don'!D:D) &"/view", "🔎" ), "" )}
A1120: 1119 | B1120: 45674 | C1120: 2 | D1120: CT TNHH XNK Thiết Bị Công Nghệ Cao FDI | E1120: THEPHINH | F1120: Thép hình U120 | G1120: XUAT | H1120: 695 | I1120: 16327.176 | J1120: 11347388 | K1120: 16327.176 | L1120: 45095.42 | M1120: 7.3628087e+08 | N1120: e37548a38d298c2cd02ab96e17546ad0c70532d64ba078d3545e1fccb23bcc04 | P1120: {=IFERROR( HYPERLINK( "https://drive.google.com/file/d/"& XLOOKUP(O1120,'Hoa-Don'!A:A,'Hoa-Don'!D:D) &"/view", "🔎" ), "" )}
A1121: 1120 | B1121: 45695 | C1121: 133 | D1121: CT TNHH Thương Mại Kim Khí Trường Phát | E1121: THEPHINH | F1121: Thép hình U100x6000 | G1121: NHAP | H1121: 1840 | I1121: 14272.73 | J1121: 26261823 | K1121: 16246.636 | L1121: 46935.42 | M1121: 7.625427e+08 | N1121: 70768812e68e5eed18f29789f47b906a782ac1c678631836c98e9c41d4b5289b | P1121: {=IFERROR( HYPERLINK( "https://drive.google.com/file/d/"& XLOOKUP(O1121,'Hoa-Don'!A:A,'Hoa-Don'!D:D) &"/view", "🔎" ), "" )}
A1122: 1121 | B1122: 45695 | C1122: 133 | D1122: CT TNHH Thương Mại Kim Khí Trường Phát | E1122: THEPHINH | F1122: Thép hình U120x6000 | G1122: NHAP | H1122: 2052 | I1122: 14363.64 | J1122: 29474189 | K1122: 16167.761 | L1122: 48987.42 | M1122: 7.9201689e+08 | N1122: 5505de878af03f3aadfad1a1d1e39bf6a9c7025f1cc77c7aa2f2fe7305fb86bd | P1122: {=IFERROR( HYPERLINK( "https://drive.google.com/file/d/"& XLOOKUP(O1122,'Hoa-Don'!A:A,'Hoa-Don'!D:D) &"/view", "🔎" ), "" )}
A1123: 1122 | B1123: 45695 | C1123: 133 | D1123: CT TNHH Thương Mại Kim Khí Trường Phát | E1123: THEPHINH | F1123: Thép hình U160x64x5x12000 | G1123: NHAP | H1123: 804 | I1123: 15181.82 | J1123: 12206183 | K1123: 16151.84 | L1123: 49791.42 | M1123: 8.0422307e+08 | N1123: c83ae41cbb1607fb6286dfcc6074107d3c329bda394a2f22d929a5e8c79726f3 | P1123: {=IFERROR( HYPERLINK( "https://drive.google.com/file/d/"& XLOOKUP(O1123,'Hoa-Don'!A:A,'Hoa-Don'!D:D) &"/view", "🔎" ), "" )}
A1124: 1123 | B1124: 45702 | C1124: 3 | D1124: CT CP Sản Xuất Và Thương Mại Tín Thành Hưng | E1124: THEPTAM | F1124: Thép tấm cắt theo yêu cầu | G1124: XUAT | H1124: 278 | I1124: 15858.214 | J1124: 4408583.6 | K1124: 15858.214 | L1124: 16872.24 | M1124: 2.675636e+08 | N1124: d7fcc31f69b400178eb22d7ce9af6c6eb2711328f1f73ac234dba2424ca65fe6 | P1124: {=IFERROR( HYPERLINK( "https://drive.google.com/file/d/"& XLOOKUP(O1124,'Hoa-Don'!A:A,'Hoa-Don'!D:D) &"/view", "🔎" ), "" )}
A1125: 1124 | B1125: 45703 | C1125: 4 | D1125: CT TNHH Sx Và Tm Kỹ Thuật Minh Quang | E1125: THEPHINH | F1125: Thép hình U60 | G1125: XUAT | H1125: 20 | I1125: 16151.84 | J1125: 323036.81 | K1125: 16151.84 | L1125: 49771.42 | M1125: 8.0390003e+08 | N1125: d631f9ce70955775c8ad24cd5098b47bd7be8e8dee777999fd0cdadd0ef380b1 | P1125: {=IFERROR( HYPERLINK( "https://drive.google.com/file/d/"& XLOOKUP(O1125,'Hoa-Don'!A:A,'Hoa-Don'!D:D) &"/view", "🔎" ), "" )}
A1126: 1125 | B1126: 45703 | C1126: 4 | D1126: CT TNHH Sx Và Tm Kỹ Thuật Minh Quang | E1126: THEPHINH | F1126: Thép hình U80 | G1126: XUAT | H1126: 108 | I1126: 16151.84 | J1126: 1744398.8 | K1126: 16151.84 | L1126: 49663.42 | M1126: 8.0215563e+08 | N1126: 8969bd6893081a606d0e90af4c1375ad88f546e839464e20c1dd694fc3ff98af | P1126: {=IFERROR( HYPERLINK( "https://drive.google.com/file/d/"& XLOOKUP(O1126,'Hoa-Don'!A:A,'Hoa-Don'!D:D) &"/view", "🔎" ), "" )}
A1127: 1126 | B1127: 45709 | C1127: 5 | D1127: CT TNHH Vận Tải VMS | E1127: THEPTAM | F1127: Thép tấm | G1127: XUAT | H1127: 853 | I1127: 15858.214 | J1127: 13527057 | K1127: 15858.214 | L1127: 16019.24 | M1127: 2.5403654e+08 | N1127: 8bec62893050ab27e06d895dec4f5a83ecc10ad60b04c180ec1ddb7e50a8102f | P1127: {=IFERROR( HYPERLINK( "https://drive.google.com/file/d/"& XLOOKUP(O1127,'Hoa-Don'!A:A,'Hoa-Don'!D:D) &"/view", "🔎" ), "" )}
A1128: 1127 | B1128: 45714 | C1128: 118 | D1128: CT TNHH Thép Hoàng Đào | E1128: THEPHINH | F1128: Thép hình | G1128: NHAP | H1128: 361.5 | I1128: 18000 | J1128: 6507000 | K1128: 16165.196 | L1128: 50024.92 | M1128: 8.0866263e+08 | N1128: 5350c4a2c90783c9a397818bf65389afd3432af0c236d2e69a9d2d557639d360 | P1128: {=IFERROR( HYPERLINK( "https://drive.google.com/file/d/"& XLOOKUP(O1128,'Hoa-Don'!A:A,'Hoa-Don'!D:D) &"/view", "🔎" ), "" )}
A1129: 1128 | B1129: 45715 | C1129: 6 | D1129: CT TNHH Haiyang | E1129: THEPTAM | F1129: Thép tấm 8mm | G1129: XUAT | H1129: 834 | I1129: 15858.214 | J1129: 13225751 | K1129: 15858.214 | L1129: 15185.24 | M1129: 2.4081079e+08 | N1129: 3b90dafac2389c61f35fe7aa5cc1d0beb3fd1bd920639d66ab5cac4943d5c8b2 | P1129: {=IFERROR( HYPERLINK( "https://drive.google.com/file/d/"& XLOOKUP(O1129,'Hoa-Don'!A:A,'Hoa-Don'!D:D) &"/view", "🔎" ), "" )}
A1130: 1129 | B1130: 45715 | C1130: 6 | D1130: CT TNHH Haiyang | E1130: THEPTAM | F1130: Thép tấm 20mm cắt theo yêu cầu | G1130: XUAT | H1130: 14.6 | I1130: 15858.214 | J1130: 231529.93 | K1130: 15858.214 | L1130: 15170.64 | M1130: 2.4057926e+08 | N1130: 9987a1f2c01efc30a2c26131372965a1974397339d164e8493deee908b4ab215 | P1130: {=IFERROR( HYPERLINK( "https://drive.google.com/file/d/"& XLOOKUP(O1130,'Hoa-Don'!A:A,'Hoa-Don'!D:D) &"/view", "🔎" ), "" )}
... A1247: 1246 | B1247: 46022 | C1247: 65 | D1247: CT TNHH 20-21 | E1247: THEPHINH | F1247: Thép hình các loại | G1247: XUAT | H1247: 4995.6 | I1247: 16008.729 | J1247: 79973206 | K1247: 16008.729 | L1247: 12793.02 | M1247: 2.0479999e+08 | N1247: c6ced4e2e7eae2bd41cd60adfc6eda285695f680215d9d7cc5917affd38cd356 | P1247: {=IFERROR( HYPERLINK( "https://drive.google.com/file/d/"& XLOOKUP(O1247,'Hoa-Don'!A:A,'Hoa-Don'!D:D) &"/view", "🔎" ), "" )}
A1248: 1247 | B1248: 46030 | C1248: 60 | D1248: CT TNHH Thương Mại Và Sản Xuất Thành Đạt Khoái Châu | E1248: THEPONG | F1248: Thép ống mạ kẽm F88.3x3.0x6000 | G1248: NHAP | H1248: 189.35 | I1248: 14389 | J1248: 2724557.1 | K1248: 14984.554 | L1248: 249.36 | M1248: 3736548.4 | N1248: 59760ee429437ea63751d2930efd386302a549e35d984f16c038ca72f9bed58c | O1248: 20260108_0900676665_60 | P1248: {=IFERROR( HYPERLINK( "https://drive.google.com/file/d/"& XLOOKUP(O1248,'Hoa-Don'!A:A,'Hoa-Don'!D:D) &"/view", "🔎" ), "" )} -> 🔎
A1249: 1248 | B1249: 46030 | C1249: 60 | D1249: CT TNHH Thương Mại Và Sản Xuất Thành Đạt Khoái Châu | E1249: THEPONG | F1249: Thép ống mạ kẽm F59.9x3.0x6000 | G1249: NHAP | H1249: 202.08 | I1249: 14389 | J1249: 2907729.1 | K1249: 14717.964 | L1249: 451.44 | M1249: 6644277.5 | N1249: 7656875e6d658008741b12f68b5178092910502ba9f9ac6f0d887d91c1036608 | O1249: 20260108_0900676665_60 | P1249: {=IFERROR( HYPERLINK( "https://drive.google.com/file/d/"& XLOOKUP(O1249,'Hoa-Don'!A:A,'Hoa-Don'!D:D) &"/view", "🔎" ), "" )} -> 🔎
A1250: 1249 | B1250: 46030 | C1250: 60 | D1250: CT TNHH Thương Mại Và Sản Xuất Thành Đạt Khoái Châu | E1250: THEPONG | F1250: Thép ống mạ kẽm F26.65x2.0x6000 | G1250: NHAP | H1250: 349.92 | I1250: 14389 | J1250: 5034998.9 | K1250: 14574.319 | L1250: 801.36 | M1250: 11679276 | N1250: f5a49646d515ceeaa29db526a73668e697b51d8778b1b4f2b0976f25cd47839d | O1250: 20260108_0900676665_60 | P1250: {=IFERROR( HYPERLINK( "https://drive.google.com/file/d/"& XLOOKUP(O1250,'Hoa-Don'!A:A,'Hoa-Don'!D:D) &"/view", "🔎" ), "" )} -> 🔎
A1251: 1250 | B1251: 46030 | C1251: 1 | D1251: CT CP Sản Xuất Và Thương Mại Tín Thành Hưng | E1251: THEPHINH | F1251: Thép hình các loại | G1251: XUAT | H1251: 289.99 | I1251: 16008.729 | J1251: 4642371.3 | K1251: 16008.729 | L1251: 12503.03 | M1251: 2.0015762e+08 | N1251: 0acbba6d5d9a2c60b96b6923878d6a05761ec946f450729aeba9575cf536c04b | P1251: {=IFERROR( HYPERLINK( "https://drive.google.com/file/d/"& XLOOKUP(O1251,'Hoa-Don'!A:A,'Hoa-Don'!D:D) &"/view", "🔎" ), "" )}
A1252: 1251 | B1252: 46032 | C1252: 2 | D1252: CT TNHH Cơ Khí Và Xây Dựng Hùng Dương | E1252: THEPONG | F1252: Thép ống mạ kẽm F88.3x3.0x6000 | G1252: XUAT | H1252: 189.35 | I1252: 14574.319 | J1252: 2759647.3 | K1252: 14574.319 | L1252: 612.01 | M1252: 8919629 | N1252: 430fe6a1d26568d5ca81d3eb8a56fd968de3ef6a48ae09e2a66b60b6269cd906 | P1252: {=IFERROR( HYPERLINK( "https://drive.google.com/file/d/"& XLOOKUP(O1252,'Hoa-Don'!A:A,'Hoa-Don'!D:D) &"/view", "🔎" ), "" )}
A1253: 1252 | B1253: 46032 | C1253: 2 | D1253: CT TNHH Cơ Khí Và Xây Dựng Hùng Dương | E1253: THEPONG | F1253: Thép ống mạ kẽm F59.9x3.0x6000 | G1253: XUAT | H1253: 202.08 | I1253: 14574.319 | J1253: 2945178.4 | K1253: 14574.319 | L1253: 409.93 | M1253: 5974450.6 | N1253: 1874dad8f4608b0a5b51cd4a30bf58b4cc3491987d6005dede732714d80bded8 | P1253: {=IFERROR( HYPERLINK( "https://drive.google.com/file/d/"& XLOOKUP(O1253,'Hoa-Don'!A:A,'Hoa-Don'!D:D) &"/view", "🔎" ), "" )}
A1254: 1253 | B1254: 46032 | C1254: 2 | D1254: CT TNHH Cơ Khí Và Xây Dựng Hùng Dương | E1254: THEPONG | F1254: Thép ống mạ kẽm F26.65x2.0x6000 | G1254: XUAT | H1254: 349.92 | I1254: 14574.319 | J1254: 5099845.7 | K1254: 14574.319 | L1254: 60.01 | M1254: 874604.89 | N1254: 82b87be02243c067747866119169bf61c5210ebf0891e35262d65ceef37969e7 | P1254: {=IFERROR( HYPERLINK( "https://drive.google.com/file/d/"& XLOOKUP(O1254,'Hoa-Don'!A:A,'Hoa-Don'!D:D) &"/view", "🔎" ), "" )}
A1255: 1254 | B1255: 46034 | C1255: 86 | D1255: CT TNHH Thương Mại Và Sản Xuất Thành Đạt Khoái Châu | E1255: THEPHOP | F1255: Thép hộp mạ kẽm 20x40x1.1x6000 | G1255: NHAP | H1255: 297 | I1255: 16000 | J1255: 4752000 | K1255: 15860.729 | L1255: 381.67 | M1255: 6053564.6 | N1255: 2a70fd3449545af50a1e6bb7ba616bd45c61e608fe5c059171c48eb058857883 | O1255: 20260112_0900676665_86 | P1255: {=IFERROR( HYPERLINK( "https://drive.google.com/file/d/"& XLOOKUP(O1255,'Hoa-Don'!A:A,'Hoa-Don'!D:D) &"/view", "🔎" ), "" )} -> 🔎
A1256: 1255 | B1256: 46034 | C1256: 6 | D1256: CT TNHH Anh Phúc | E1256: TONMA | F1256: Tôn mạ màu | G1256: NHAP | H1256: 2040.8 | I1256: 24500 | J1256: 49999600 | K1256: 24500 | L1256: 2040.8 | M1256: 49999600 | N1256: f4e5574870da782f246c2db4afd3a46953561b35f380fe4a7437088b12273ad6 | O1256: 20260112_1000511768_6 | P1256: {=IFERROR( HYPERLINK( "https://drive.google.com/file/d/"& XLOOKUP(O1256,'Hoa-Don'!A:A,'Hoa-Don'!D:D) &"/view", "🔎" ), "" )} -> 🔎
A1257: 1256 | B1257: 46034 | C1257: 3 | D1257: CT TNHH 20-21 | E1257: TONMA | F1257: Tôn mạ màu | G1257: XUAT | H1257: 2040.8 | I1257: 24500 | J1257: 49999600 | K1257: 0 | L1257: 0 | M1257: 0 | N1257: 10f8d6a7a086fe663c870dcb3a192258f38a8eaa43eceb6f9db9c0d0d175aa83 | P1257: {=IFERROR( HYPERLINK( "https://drive.google.com/file/d/"& XLOOKUP(O1257,'Hoa-Don'!A:A,'Hoa-Don'!D:D) &"/view", "🔎" ), "" )}
A1258: 1257 | B1258: 46037 | C1258: 5 | D1258: CT TNHH 20-21 | E1258: THEPTAM | F1258: Thép tấm các loại | G1258: XUAT | H1258: 1901.13 | I1258: 13514.253 | J1258: 25692351 | K1258: 13514.253 | L1258: 3751.07 | M1258: 50692908 | N1258: 5cb642147da3b0076cce3ecf8dfebd08bec0fc6b3b1d2beef4fb9d779f62c8a7 | P1258: {=IFERROR( HYPERLINK( "https://drive.google.com/file/d/"& XLOOKUP(O1258,'Hoa-Don'!A:A,'Hoa-Don'!D:D) &"/view", "🔎" ), "" )}
A1259: 1258 | B1259: 46037 | C1259: 5 | D1259: CT TNHH 20-21 | E1259: THEPHINH | F1259: Thép hình các loại | G1259: XUAT | H1259: 2756.92 | I1259: 16008.729 | J1259: 44134785 | K1259: 16008.729 | L1259: 9746.11 | M1259: 1.5602283e+08 | N1259: a27fdfec561db74e8e58ebdcff987d6b221883df05f2cfabe886b55b01f5d714 | P1259: {=IFERROR( HYPERLINK( "https://drive.google.com/file/d/"& XLOOKUP(O1259,'Hoa-Don'!A:A,'Hoa-Don'!D:D) &"/view", "🔎" ), "" )}
A1260: 1259 | B1260: 46037 | C1260: 4 | D1260: CT TNHH Cơ Khí Xây Dựng Và Thương Mại Dũng Phát | E1260: THEPHINH | F1260: Thép hình U80, V40 | G1260: XUAT | H1260: 674.85 | I1260: 16008.729 | J1260: 10803491 | K1260: 16008.729 | L1260: 9071.26 | M1260: 1.4521934e+08 | N1260: 2d67a5106b8538dab99875d41f758f8daa98720b0c323dcd697fabe1bac386dc | P1260: {=IFERROR( HYPERLINK( "https://drive.google.com/file/d/"& XLOOKUP(O1260,'Hoa-Don'!A:A,'Hoa-Don'!D:D) &"/view", "🔎" ), "" )}
A1261: 1260 | B1261: 46041 | C1261: 6 | D1261: CT CP Xây Lắp Hưng Phúc | E1261: THEPHINH | F1261: Thép hình | G1261: XUAT | H1261: 8608.06 | I1261: 16008.729 | J1261: 1.378041e+08 | K1261: 16008.729 | L1261: 463.2 | M1261: 7415243.2 | N1261: c4efc919237518445b7472d26a5c65fc552b63ce9f0e91c84d5f9781384df6ed | P1261: {=IFERROR( HYPERLINK( "https://drive.google.com/file/d/"& XLOOKUP(O1261,'Hoa-Don'!A:A,'Hoa-Don'!D:D) &"/view", "🔎" ), "" )}
A1262: 1261 | B1262: 46051 | C1262: 702 | D1262: CT TNHH Thương Mại Ngọc Hiếu | E1262: THEPTAM | F1262: Thép tấm 4.5x1500x6000mm | G1262: NHAP | H1262: 1895 | I1262: 14272.72 | J1262: 27046804 | K1262: 13768.818 | L1262: 5646.07 | M1262: 77739712 | N1262: 70a718bf5bb9a734b0f3e195bf62b29f39c4a2379aa265773c7f68d755d07ef4 | P1262: {=IFERROR( HYPERLINK( "https://drive.google.com/file/d/"& XLOOKUP(O1262,'Hoa-Don'!A:A,'Hoa-Don'!D:D) &"/view", "🔎" ), "" )}
A1263: 1262 | B1263: 46051 | C1263: 702 | D1263: CT TNHH Thương Mại Ngọc Hiếu | E1263: THEPTAM | F1263: Thép tấm 6x2000x6000mm | G1263: NHAP | H1263: 2769 | I1263: 13636.36 | J1263: 37759081 | K1263: 13725.233 | L1263: 8415.07 | M1263: 1.1549879e+08 | N1263: 1ee2169e3f838d0a5e55408582984abee3304d5ddf2322ebfd8859e6e35f5aad | P1263: {=IFERROR( HYPERLINK( "https://drive.google.com/file/d/"& XLOOKUP(O1263,'Hoa-Don'!A:A,'Hoa-Don'!D:D) &"/view", "🔎" ), "" )}
A1264: 1263 | B1264: 46051 | C1264: 702 | D1264: CT TNHH Thương Mại Ngọc Hiếu | E1264: THEPTAM | F1264: Thép tấm 8x2000x6000mm | G1264: NHAP | H1264: 3724 | I1264: 13636.36 | J1264: 50781805 | K1264: 13697.968 | L1264: 12139.07 | M1264: 1.662806e+08 | N1264: 74181ec3b090d25c7448a3d56102d5cf333a09364eb99a772320d6668221fef3 | P1264: {=IFERROR( HYPERLINK( "https://drive.google.com/file/d/"& XLOOKUP(O1264,'Hoa-Don'!A:A,'Hoa-Don'!D:D) &"/view", "🔎" ), "" )}
A1265: 1264 | B1265: 46051 | C1265: 702 | D1265: CT TNHH Thương Mại Ngọc Hiếu | E1265: THEPTAM | F1265: Thép tấm 10x2000x6000mm | G1265: NHAP | H1265: 1862 | I1265: 13636.36 | J1265: 25390902 | K1265: 13689.775 | L1265: 14001.07 | M1265: 1.916715e+08 | N1265: 7c93a1b07515fb20c415b1a4e512f2cdde7335ee9fe29976b7ba687083b4882c | P1265: {=IFERROR( HYPERLINK( "https://drive.google.com/file/d/"& XLOOKUP(O1265,'Hoa-Don'!A:A,'Hoa-Don'!D:D) &"/view", "🔎" ), "" )}
A1266: 1265 | B1266: 46051 | C1266: 7 | D1266: CT TNHH TMDV Sơn Hòa | E1266: THEPTAM | F1266: Thép tấm các loại | G1266: XUAT | H1266: 292 | I1266: 13689.775 | J1266: 3997414.3 | K1266: 13689.775 | L1266: 13709.07 | M1266: 1.8767409e+08 | N1266: 9106abb5bf924912bb28d8efe84c55a87bc3eb61c9e0b56bbcf8a1679b225c28 | P1266: {=IFERROR( HYPERLINK( "https://drive.google.com/file/d/"& XLOOKUP(O1266,'Hoa-Don'!A:A,'Hoa-Don'!D:D) &"/view", "🔎" ), "" )}
A1267: 1266 | B1267: 46054 | C1267: 8 | D1267: CT TNHH 20-21 | E1267: THEPTAM | F1267: Thép tấm 4.5x1500x6000mm | G1267: XUAT | H1267: 1895 | I1267: 13689.775 | J1267: 25942124 | K1267: 13689.775 | L1267: 11814.07 | M1267: 1.6173196e+08 | N1267: 955929225c29306338aa38e3ac62cd490b2dfbfe233e39cbc39e194009ddbb5c | P1267: {=IFERROR( HYPERLINK( "https://drive.google.com/file/d/"& XLOOKUP(O1267,'Hoa-Don'!A:A,'Hoa-Don'!D:D) &"/view", "🔎" ), "" )}
A1268: 1267 | B1268: 46054 | C1268: 8 | D1268: CT TNHH 20-21 | E1268: THEPTAM | F1268: Thép tấm 8x2000x6000mm | G1268: XUAT | H1268: 3724 | I1268: 13689.775 | J1268: 50980723 | K1268: 13689.775 | L1268: 8090.07 | M1268: 1.1075124e+08 | N1268: 326db3d9adbed5d053698a78fcc02fca953d271a15d3ddc476a05a7d1b1fd5ad | P1268: {=IFERROR( HYPERLINK( "https://drive.google.com/file/d/"& XLOOKUP(O1268,'Hoa-Don'!A:A,'Hoa-Don'!D:D) &"/view", "🔎" ), "" )}
A1269: 1268 | B1269: 46062 | C1269: 40 | D1269: CT TNHH Anh Phúc | E1269: TONMA | F1269: tôn mạ màu | G1269: NHAP | H1269: 480 | I1269: 95000 | J1269: 45600000 | K1269: 95000 | L1269: 480 | M1269: 45600000 | N1269: 18c6761c675cd96d5561ff58be99e542d30ea030f3beae02893c5e75412662f3 | O1269: 20260209_1000511768_40 | P1269: {=IFERROR( HYPERLINK( "https://drive.google.com/file/d/"& XLOOKUP(O1269,'Hoa-Don'!A:A,'Hoa-Don'!D:D) &"/view", "🔎" ), "" )} -> 🔎
A1270: 1269 | B1270: 46062 | C1270: 9 | D1270: CT TNHH Dịch Vụ Đầu Tư Xây Dựng Thương Mại XNK Thái Hà | E1270: ONGTHEP | F1270: Ống tôn mạ CN 20x40x1.4x6.0 | G1270: XUAT | H1270: 2151.36 | I1270: 18909.09 | J1270: 40680260 | K1270: 0 | L1270: 0 | M1270: 0 | N1270: d2fd803f15ca0270ecd86acf20c4685bc1ff99a7baca0a5a1946d1eb3f376a5d | P1270: {=IFERROR( HYPERLINK( "https://drive.google.com/file/d/"& XLOOKUP(O1270,'Hoa-Don'!A:A,'Hoa-Don'!D:D) &"/view", "🔎" ), "" )}
A1271: 1270 | B1271: 46062 | C1271: 10 | D1271: CT TNHH Dịch Vụ Đầu Tư Xây Dựng Thương Mại XNK Thái Hà | E1271: TONMA | F1271: tôn mạ màu | G1271: XUAT | H1271: 480 | I1271: 95000 | J1271: 45600000 | K1271: 0 | L1271: 0 | M1271: 0 | N1271: 609a92a413d3dbc049eb237834e977671895e056a3b1b33865da759d767057ee | P1271: {=IFERROR( HYPERLINK( "https://drive.google.com/file/d/"& XLOOKUP(O1271,'Hoa-Don'!A:A,'Hoa-Don'!D:D) &"/view", "🔎" ), "" )}
A1272: 1271 | B1272: 46064 | C1272: 11 | D1272: CT TNHH Haiyang | E1272: THEPTAM | F1272: Thép tấm 8mm, 4mm | G1272: XUAT | H1272: 814 | I1272: 13689.775 | J1272: 11143477 | K1272: 13689.775 | L1272: 7276.07 | M1272: 99607762 | N1272: e45fdab0a801275b2fa704937faa017a27c37ced75acacb035fe3dbd88286937 | P1272: {=IFERROR( HYPERLINK( "https://drive.google.com/file/d/"& XLOOKUP(O1272,'Hoa-Don'!A:A,'Hoa-Don'!D:D) &"/view", "🔎" ), "" )}
A1273: 1272 | B1273: 46065 | C1273: 30 | D1273: CT TNHH Hoàng Mạnh | E1273: THEPHINH | F1273: Thép U100 | G1273: NHAP | H1273: 615 | I1273: 14418.18 | J1273: 8867180.7 | K1273: 15101.488 | L1273: 1078.2 | M1273: 16282424 | N1273: fc4ffe91a44b20ec8f72725d238b1e2bcf652353b6f4f7243be75f5855079299 | O1273: 20261202_1000576500_30 | P1273: {=IFERROR( HYPERLINK( "https://drive.google.com/file/d/"& XLOOKUP(O1273,'Hoa-Don'!A:A,'Hoa-Don'!D:D) &"/view", "🔎" ), "" )} -> 🔎
A1274: 1273 | B1274: 46065 | C1274: 12 | D1274: CT TNHH Cơ Khí Xây Dựng Và Thương Mại Dũng Phát | E1274: THEPHINH | F1274: Thép hình | G1274: XUAT | H1274: 793.87 | I1274: 15101.488 | J1274: 11988618 | K1274: 15101.488 | L1274: 284.33 | M1274: 4293806 | N1274: 7c5ccbb8bdebda1e81916efe668d3921309d4a0b0c73bf721dffcc342b65f2c2 | P1274: {=IFERROR( HYPERLINK( "https://drive.google.com/file/d/"& XLOOKUP(O1274,'Hoa-Don'!A:A,'Hoa-Don'!D:D) &"/view", "🔎" ), "" )}
A1275: 1274 | B1275: 46090 | C1275: 1437 | D1275: CT TNHH Thương Mại Ngọc Hiếu | E1275: THEPHINH | F1275: Thép U100x6000mm | G1275: NHAP | H1275: 910 | I1275: 14363.64 | J1275: 13070912 | K1275: 14539.297 | L1275: 1194.33 | M1275: 17364718 | N1275: 5e9e8cefcedbc2695d37dc369d8f18deb1fec0055adc25d72ffd2c53e6bb0fdd | P1275: {=IFERROR( HYPERLINK( "https://drive.google.com/file/d/"& XLOOKUP(O1275,'Hoa-Don'!A:A,'Hoa-Don'!D:D) &"/view", "🔎" ), "" )}
A1276: 1275 | B1276: 46090 | C1276: 1437 | D1276: CT TNHH Thương Mại Ngọc Hiếu | E1276: THEPHINH | F1276: Thép I150x75x6000mm | G1276: NHAP | H1276: 750 | I1276: 15636.36 | J1276: 11727270 | K1276: 14962.475 | L1276: 1944.33 | M1276: 29091988 | N1276: 869aabd1028f36a22872a0aa3e77780f6c81903bc19cb9e6c84f40e4a3f5602d | P1276: {=IFERROR( HYPERLINK( "https://drive.google.com/file/d/"& XLOOKUP(O1276,'Hoa-Don'!A:A,'Hoa-Don'!D:D) &"/view", "🔎" ), "" )}
A1277: 1276 | B1277: 46090 | C1277: 1437 | D1277: CT TNHH Thương Mại Ngọc Hiếu | E1277: THEPHINH | F1277: Thép U80x6000mm | G1277: NHAP | H1277: 672 | I1277: 14363.63 | J1277: 9652359.4 | K1277: 14808.662 | L1277: 2616.33 | M1277: 38744348 | N1277: d0f0d304034300bcfa68ab5381a18e0c6b69b3ad3f1cf75897f3f36862b9e180 | P1277: {=IFERROR( HYPERLINK( "https://drive.google.com/file/d/"& XLOOKUP(O1277,'Hoa-Don'!A:A,'Hoa-Don'!D:D) &"/view", "🔎" ), "" )}
A1278: 1277 | B1278: 46090 | C1278: 1437 | D1278: CT TNHH Thương Mại Ngọc Hiếu | E1278: THEPHINH | F1278: Thép V50x50x5x6000mm | G1278: NHAP | H1278: 640 | I1278: 14363.63 | J1278: 9192723.2 | K1278: 14721.196 | L1278: 3256.33 | M1278: 47937071 | N1278: 89c8b47ffa1cfe17f251d6ee6a20d2ed439ae8c86bd775ef3a918d539b09965b | P1278: {=IFERROR( HYPERLINK( "https://drive.google.com/file/d/"& XLOOKUP(O1278,'Hoa-Don'!A:A,'Hoa-Don'!D:D) &"/view", "🔎" ), "" )}
A1279: 1278 | B1279: 46090 | C1279: 1437 | D1279: CT TNHH Thương Mại Ngọc Hiếu | E1279: THEPHINH | F1279: Thép V63x63x6x6000mm | G1279: NHAP | H1279: 624 | I1279: 14363.63 | J1279: 8962905.1 | K1279: 14663.695 | L1279: 3880.33 | M1279: 56899976 | N1279: 029b5179848986bfade04331e7c798de4f24325492ceb88dd8c2275406b67047 | P1279: {=IFERROR( HYPERLINK( "https://drive.google.com/file/d/"& XLOOKUP(O1279,'Hoa-Don'!A:A,'Hoa-Don'!D:D) &"/view", "🔎" ), "" )}
A1280: 1279 | B1280: 46090 | C1280: 1437 | D1280: CT TNHH Thương Mại Ngọc Hiếu | E1280: THEPHINH | F1280: Thép U140x6000mm | G1280: NHAP | H1280: 314 | I1280: 14545.45 | J1280: 4567271.3 | K1280: 14654.843 | L1280: 4194.33 | M1280: 61467247 | N1280: 652f6b48864f695bac3cd0cfa7f3e3074cb5743b5f38e12d3f8da888c742ca76 | P1280: {=IFERROR( HYPERLINK( "https://drive.google.com/file/d/"& XLOOKUP(O1280,'Hoa-Don'!A:A,'Hoa-Don'!D:D) &"/view", "🔎" ), "" )}
A1281: 1280 | B1281: 46090 | C1281: 248 | D1281: CT TNHH Thép Hoàng Đào | E1281: THEPTAM | F1281: Thép tấm chấn mã đầu cọc | G1281: NHAP | H1281: 2282 | I1281: 15455 | J1281: 35268310 | K1281: 14111.225 | L1281: 9558.07 | M1281: 1.3487607e+08 | N1281: 08011770d2bddc3fb6cf7728026cc181b66ebc5f3ea32d31913a792ad9be224a | O1281: 20260309_1000677957_248 | P1281: {=IFERROR( HYPERLINK( "https://drive.google.com/file/d/"& XLOOKUP(O1281,'Hoa-Don'!A:A,'Hoa-Don'!D:D) &"/view", "🔎" ), "" )} -> 🔎
A1282: 1281 | B1282: 46099 | C1282: 13 | D1282: CT TNHH Haiyang | E1282: THEPTAM | F1282: Thép tấm 10mm | G1282: XUAT | H1282: 1113.09 | I1282: 14111.225 | J1282: 15707063 | K1282: 14111.225 | L1282: 8444.98 | M1282: 1.1916901e+08 | N1282: 66719f9107c54576db379943e2370e47dd92c727f85103814ee673371836dd00 | O1282: 20260318_4300847027_13 | P1282: {=IFERROR( HYPERLINK( "https://drive.google.com/file/d/"& XLOOKUP(O1282,'Hoa-Don'!A:A,'Hoa-Don'!D:D) &"/view", "🔎" ), "" )} -> 🔎
A1283: 1282 | B1283: 46099 | C1283: 14 | D1283: CT CP Sản Xuất Và Thương Mại Tín Thành Hưng | E1283: THEPTAM | F1283: Thép tấm | G1283: XUAT | H1283: 153.92 | I1283: 14111.225 | J1283: 2171999.7 | K1283: 14111.225 | L1283: 8291.06 | M1283: 1.1699701e+08 | N1283: 30971b3816601bf6366a32355f0353d8c1327137bf45e42f8997495859e63b3d | O1283: 20260318_1000451050_14 | P1283: {=IFERROR( HYPERLINK( "https://drive.google.com/file/d/"& XLOOKUP(O1283,'Hoa-Don'!A:A,'Hoa-Don'!D:D) &"/view", "🔎" ), "" )} -> 🔎
A1284: 1283 | B1284: 46112 | C1284: 15 | D1284: CÔNG TY CỔ PHẦN H2T WONDERFUL | E1284: THEPHINH | F1284: Thép hình | G1284: XUAT | H1284: 583 | I1284: 14654.843 | J1284: 8543773.4 | K1284: 14654.843 | L1284: 3611.33 | M1284: 52923474 | N1284: eb186e50d40909d26c31db89ee42b3c4ea8dbcde3b8a164daafcc51e461e62f3 | P1284: {=IFERROR( HYPERLINK( "https://drive.google.com/file/d/"& XLOOKUP(O1284,'Hoa-Don'!A:A,'Hoa-Don'!D:D) &"/view", "🔎" ), "" )}
A1285: 1284 | B1285: 46113 | C1285: 815 | D1285: CT TNHH Thương Mại Và Sản Xuất Thành Đạt Khoái Châu | E1285: THEPHOP | F1285: Thép hộp mạ kẽm 50x50x1.4x6000 | G1285: NHAP | H1285: 955.5 | I1285: 15636.36 | J1285: 14940542 | K1285: 15700.402 | L1285: 1337.17 | M1285: 20994107 | N1285: e28c72c2d26aff86df45a6e5ff9eb9dc2b9247fcd773f205dd8bca693335b9f8 | P1285: {=IFERROR( HYPERLINK( "https://drive.google.com/file/d/"& XLOOKUP(O1285,'Hoa-Don'!A:A,'Hoa-Don'!D:D) &"/view", "🔎" ), "" )}
A1286: 1285 | B1286: 46114 | C1286: 1901 | D1286: CÔNG TY TNHH THÉP ỐNG ĐỨC VIỆT | E1286: THEPHOP | F1286: Thép ống hộp mạ kẽm các loại | G1286: NHAP | H1286: 2147.5 | I1286: 16600 | J1286: 35648500 | K1286: 16254.798 | L1286: 3484.67 | M1286: 56642607 | N1286: 1c9064bad1ee5e8aae90ebb96137a9fee2835ac9e7bc84f0d0567e6aad536a81 | P1286: {=IFERROR( HYPERLINK( "https://drive.google.com/file/d/"& XLOOKUP(O1286,'Hoa-Don'!A:A,'Hoa-Don'!D:D) &"/view", "🔎" ), "" )}
A1287: 1286 | B1287: 46121 | C1287: 2066 | D1287: CÔNG TY TNHH THÉP ỐNG ĐỨC VIỆT | E1287: THEPHOP | F1287: Thép hộp mạ kẽm 50x50x1.4x6000 | G1287: NHAP | H1287: 1375.92 | I1287: 1375.92 | J1287: 1893155.8 | K1287: 12042.934 | L1287: 4860.59 | M1287: 58535762 | N1287: 0e8a78e91f595a71d0508caa6a88f3086657a9bbc171043902ed9319852e728e | P1287: {=IFERROR( HYPERLINK( "https://drive.google.com/file/d/"& XLOOKUP(O1287,'Hoa-Don'!A:A,'Hoa-Don'!D:D) &"/view", "🔎" ), "" )}
A1288: 1287 | B1288: 46121 | C1288: 2066 | D1288: CÔNG TY TNHH THÉP ỐNG ĐỨC VIỆT | E1288: ONGTHEP | F1288: Ống thép mạ kẽm OD48.1x1.8x6000mm | G1288: NHAP | H1288: 1368.63 | I1288: 15545.45 | J1288: 21275969 | K1288: 15545.45 | L1288: 1368.63 | M1288: 21275969 | N1288: e7eb532a4366656cce1854b29a86fdad55e144a01d33d98f5256f466adea0b21 | P1288: {=IFERROR( HYPERLINK( "https://drive.google.com/file/d/"& XLOOKUP(O1288,'Hoa-Don'!A:A,'Hoa-Don'!D:D) &"/view", "🔎" ), "" )}
A1289: 1288 | B1289: 46121 | C1289: 2066 | D1289: CÔNG TY TNHH THÉP ỐNG ĐỨC VIỆT | E1289: ONGTHEP | F1289: Ống thép mạ kẽm OD33.5x1.4x6000mm | G1289: NHAP | H1289: 465.5 | I1289: 15545.45 | J1289: 7236407 | K1289: 15545.45 | L1289: 1834.13 | M1289: 28512376 | N1289: 71132f63399438b4bef54b98406fbf1021df47a05def621ea314d8dfddad531a | P1289: {=IFERROR( HYPERLINK( "https://drive.google.com/file/d/"& XLOOKUP(O1289,'Hoa-Don'!A:A,'Hoa-Don'!D:D) &"/view", "🔎" ), "" )}
A1290: 1289 | B1290: 46123 | C1290: 17 | D1290: CÔNG TY TNHH HAIYANG | E1290: THEPTAM | F1290: Thép tấm 8mm | G1290: XUAT | H1290: 963.68 | I1290: 14111.225 | J1290: 13598705 | K1290: 14111.225 | L1290: 7327.38 | M1290: 1.033983e+08 | N1290: d99f4b1a9f34b756625bc6176c6c163854f402603ec06d6ad63079c5c7cf0619 | P1290: {=IFERROR( HYPERLINK( "https://drive.google.com/file/d/"& XLOOKUP(O1290,'Hoa-Don'!A:A,'Hoa-Don'!D:D) &"/view", "🔎" ), "" )}
A1291: 1290 | B1291: 46130 | C1291: 16 | D1291: CÔNG TY CP SẢN XUẤT VÀ THƯƠNG MẠI TÍN THÀNH HƯNG | E1291: THEPTAM | F1291: Thép tấm các loại | G1291: XUAT | H1291: 447.5 | I1291: 14111.225 | J1291: 6314773 | K1291: 14111.225 | L1291: 6879.88 | M1291: 97083532 | N1291: fc9408db1a326b08d3eea05401e34a639555b8e88e7f7f35a6d0f3df57ccd061 | P1291: {=IFERROR( HYPERLINK( "https://drive.google.com/file/d/"& XLOOKUP(O1291,'Hoa-Don'!A:A,'Hoa-Don'!D:D) &"/view", "🔎" ), "" )}
A1292: 1291 | B1292: 46130 | C1292: 18 | D1292: CÔNG TY TNHH TMDV SƠN HÒA | E1292: THEPTAM | F1292: Thép tấm 4mm | G1292: XUAT | H1292: 294 | I1292: 14111.225 | J1292: 4148700 | K1292: 14111.225 | L1292: 6585.88 | M1292: 92934832 | N1292: 851602ce21b71ad18d9689580e110ea96f908124a54f949a81fc1f3f1b2faffd | P1292: {=IFERROR( HYPERLINK( "https://drive.google.com/file/d/"& XLOOKUP(O1292,'Hoa-Don'!A:A,'Hoa-Don'!D:D) &"/view", "🔎" ), "" )}
A1293: 1292 | B1293: 46134 | C1293: 19 | D1293: CÔNG TY TNHH CƠ KHÍ XÂY DỰNG VÀ THƯƠNG MẠI DŨNG PHÁT | E1293: THEPHINH | F1293: Thép hình | G1293: XUAT | H1293: 667.5 | I1293: 14654.843 | J1293: 9782107.7 | K1293: 14654.843 | L1293: 2943.83 | M1293: 43141366 | N1293: 1b2b3b6db75c8f77317334fad5049acb0eb45061d38abee3f3655adad538cf27 | P1293: {=IFERROR( HYPERLINK( "https://drive.google.com/file/d/"& XLOOKUP(O1293,'Hoa-Don'!A:A,'Hoa-Don'!D:D) &"/view", "🔎" ), "" )}
A1294: 1293 | B1294: 46139 | C1294: 2534 | D1294: CÔNG TY TNHH THÉP ỐNG ĐỨC VIỆT | E1294: THEPHOP | F1294: Thép hộp mạ kẽm 50x50x1.4x6000mm | G1294: NHAP | H1294: 1375.92 | I1294: 16090.91 | J1294: 22139805 | K1294: 12936.012 | L1294: 6236.51 | M1294: 80675567 | N1294: 311b2cdb9f9e27d5cf6c7fdf92b76c028bdc4ec0a5afb3664fd323ffc22fef01 | P1294: {=IFERROR( HYPERLINK( "https://drive.google.com/file/d/"& XLOOKUP(O1294,'Hoa-Don'!A:A,'Hoa-Don'!D:D) &"/view", "🔎" ), "" )}
A1295: 1294 | B1295: 46140 | C1295: 20 | D1295: CÔNG TY CP SẢN XUẤT VÀ THƯƠNG MẠI TÍN THÀNH HƯNG | E1295: THEPTAM | F1295: Thép tấm | G1295: XUAT | H1295: 383.46 | I1295: 14111.225 | J1295: 5411090.2 | K1295: 14111.225 | L1295: 6202.42 | M1295: 87523742 | N1295: af8586733c744ed3aae763b64c2f4b5e46c9806561e8cca8a3e977496810c836 | P1295: {=IFERROR( HYPERLINK( "https://drive.google.com/file/d/"& XLOOKUP(O1295,'Hoa-Don'!A:A,'Hoa-Don'!D:D) &"/view", "🔎" ), "" )}
... A1308: 1307 | B1308: 46158 | C1308: 519 | D1308: CÔNG TY TNHH THÉP HOÀNG ĐÀO | E1308: THEPTAM | F1308: Thép tấm | G1308: NHAP | H1308: 1536.4 | I1308: 15454 | J1308: 23743526 | K1308: 14653.291 | L1308: 7962.645 | M1308: 1.1667896e+08 | N1308: 4620c44f37ebc557efe4707ecaa7b9e6e884a3e7de597c762917366c0000e8a6 | P1308: {=IFERROR( HYPERLINK( "https://drive.google.com/file/d/"& XLOOKUP(O1308,'Hoa-Don'!A:A,'Hoa-Don'!D:D) &"/view", "🔎" ), "" )}
A1309: 1308 | B1309: 46159 | C1309: 24 | D1309: CT TNHH Xây Dựng Và TMDV BF | E1309: THEPTAM | F1309: Thép tấm | G1309: XUAT | H1309: 370.444 | I1309: 14653.291 | J1309: 5428223.8 | K1309: 14653.291 | L1309: 7592.201 | M1309: 1.1125073e+08 | N1309: 10a5980d3817f2a2fd6e4554992af00808a56799e3b2e6dd0a435773bb253d01 | O1309: 20260517_1001277292_24 | P1309: {=IFERROR( HYPERLINK( "https://drive.google.com/file/d/"& XLOOKUP(O1309,'Hoa-Don'!A:A,'Hoa-Don'!D:D) &"/view", "🔎" ), "" )} -> 🔎
A1310: 1309 | B1310: 46160 | C1310: 522 | D1310: CÔNG TY TNHH THÉP HOÀNG ĐÀO | E1310: THEPTAM | F1310: Thép tấm | G1310: NHAP | H1310: 360 | I1310: 15454 | J1310: 5563440 | K1310: 14689.54 | L1310: 7952.201 | M1310: 1.1681417e+08 | N1310: 41d15f7f87826388f91c30918e3f9623808d3e2597eae5f49d66ab0067dc4970 | P1310: {=IFERROR( HYPERLINK( "https://drive.google.com/file/d/"& XLOOKUP(O1310,'Hoa-Don'!A:A,'Hoa-Don'!D:D) &"/view", "🔎" ), "" )}
A1311: 1310 | B1311: 46160 | C1311: 526 | D1311: CÔNG TY TNHH THÉP HOÀNG ĐÀO | E1311: THEPTAM | F1311: Thép tấm | G1311: NHAP | H1311: 463.6 | I1311: 15454 | N1311: 716bdf6b8818867fec8b93bc6da3bd9efe110d805bfe98fa85a3331e76a8ed97 | P1311: {=IFERROR( HYPERLINK( "https://drive.google.com/file/d/"& XLOOKUP(O1311,'Hoa-Don'!A:A,'Hoa-Don'!D:D) &"/view", "🔎" ), "" )}
A1312: 1311 | B1312: 46167 | C1312: 25 | D1312: CÔNG TY CP SẢN XUẤT VÀ THƯƠNG MẠI TÍN THÀNH HƯNG | E1312: THEPTAM | F1312: Thép tấm | G1312: XUAT | H1312: 656.31 | I1312: 14908.42 | N1312: 49f23ed101d63fe85627d7ad0cd68219b02ecb438e7cd0c80e253c06af3ac5a8 | P1312: {=IFERROR( HYPERLINK( "https://drive.google.com/file/d/"& XLOOKUP(O1312,'Hoa-Don'!A:A,'Hoa-Don'!D:D) &"/view", "🔎" ), "" )}
A1313: 1313 | B1313: 46170 | C1313: 3306 | D1313: CÔNG TY TNHH THÉP ỐNG ĐỨC VIỆT | E1313: THEPHOP | F1313: Thép hộp mạ kẽm 50x50x1.4x6000mm | G1313: NHAP | H1313: 917.28 | I1313: 17272.73 | N1313: 8d3675a8398cb18a4be4eedf513f493cf95877030866e0f6694fbf51259af3c8 | P1313: {=IFERROR( HYPERLINK( "https://drive.google.com/file/d/"& XLOOKUP(O1313,'Hoa-Don'!A:A,'Hoa-Don'!D:D) &"/view", "🔎" ), "" )}
A1314: 1312 | B1314: 46168 | C1314: 26 | D1314: CÔNG TY TNHH HAIYANG | E1314: THEPTAM | F1314: Thép tấm | G1314: XUAT | H1314: 647.83 | N1314: bd486c7584eb354a432d59d9fab68848c143466a068d64e263a862c99a6c1e85 | P1314: {=IFERROR( HYPERLINK( "https://drive.google.com/file/d/"& XLOOKUP(O1314,'Hoa-Don'!A:A,'Hoa-Don'!D:D) &"/view", "🔎" ), "" )}
A1315: 1314 | B1315: 46171 | C1315: 580 | D1315: CÔNG TY TNHH THÉP HOÀNG ĐÀO | E1315: THEPTAM | F1315: Thép tấm mạ kẽm chấn định hình | G1315: NHAP | H1315: 1972.6 | I1315: 20000 | N1315: bf7e4aadd065cd355ae0cbe6196cfd466021b0821be618d3e849b5ef9db4831f | P1315: {=IFERROR( HYPERLINK( "https://drive.google.com/file/d/"& XLOOKUP(O1315,'Hoa-Don'!A:A,'Hoa-Don'!D:D) &"/view", "🔎" ), "" )}
A1316: 1315 | B1316: 46176 | C1316: 28 | D1316: CÔNG TY TNHH CƠ KHÍ XÂY DỰNG VÀ THƯƠNG MẠI DŨNG PHÁT | E1316: THEPTAM | F1316: Thép ống các loại | G1316: XUAT | H1316: 2180.32 | N1316: 073ac0bb55e70e624ced6b1e93ee566bf1d9f3cffdc99664f86c7e8bec4cf0e5 | P1316: {=IFERROR( HYPERLINK( "https://drive.google.com/file/d/"& XLOOKUP(O1316,'Hoa-Don'!A:A,'Hoa-Don'!D:D) &"/view", "🔎" ), "" )}
A1317: 1316 | B1317: 46176 | C1317: 29 | D1317: CÔNG TY TNHH 20-21 | E1317: THEPTAM | F1317: Thép tấm | G1317: XUAT | H1317: 1950 | N1317: 8d26dddd27c622f43db1f4502723b8f2fcbeeafbf6b21bc9cb6b26326c174b62 | P1317: {=IFERROR( HYPERLINK( "https://drive.google.com/file/d/"& XLOOKUP(O1317,'Hoa-Don'!A:A,'Hoa-Don'!D:D) &"/view", "🔎" ), "" )}
A1318: 1317 | B1318: 46176 | C1318: 29 | D1318: CÔNG TY TNHH 20-21 | E1318: THEPHINH | F1318: Thép hình | G1318: XUAT | H1318: 1513 | N1318: 649a2b18f62da183bc8ef62e549b374d02a7534dd92119f0410777f148f1f6ba | P1318: {=IFERROR( HYPERLINK( "https://drive.google.com/file/d/"& XLOOKUP(O1318,'Hoa-Don'!A:A,'Hoa-Don'!D:D) &"/view", "🔎" ), "" )}
A1319: 1318 | B1319: 46176 | C1319: 29 | D1319: CÔNG TY TNHH 20-21 | E1319: THEPHOP | F1319: Thép hộp | G1319: XUAT | H1319: 2855 | N1319: f313a10848b9ef77e69ec08f9ec0447f9418050385868339d9f099c62a7db368 | P1319: {=IFERROR( HYPERLINK( "https://drive.google.com/file/d/"& XLOOKUP(O1319,'Hoa-Don'!A:A,'Hoa-Don'!D:D) &"/view", "🔎" ), "" )}
A1320: 1319 | B1320: 46179 | C1320: 3631 | D1320: CÔNG TY TRÁCH NHIỆM HỮU HẠN THƯƠNG MẠI NGỌC HIẾU | E1320: THEPTAM | F1320: Thép tấm 8x1500x6000mm | G1320: NHAP | H1320: 2250 | I1320: 15818.182 | N1320: bbdba44b6abc607618cbf05b9e1e98be8052bb094c868896374efd9c68c61f67 | P1320: {=IFERROR( HYPERLINK( "https://drive.google.com/file/d/"& XLOOKUP(O1320,'Hoa-Don'!A:A,'Hoa-Don'!D:D) &"/view", "🔎" ), "" )}
A1321: 1320 | B1321: 46184 | C1321: 3644 | D1321: CÔNG TY TNHH THÉP ỐNG ĐỨC VIỆT | E1321: THEPHOP | F1321: Thép hộp mạ kẽm 50x100x1.4x6000mm | G1321: NHAP | H1321: 347.94 | I1321: 17272.73 | N1321: f34eda4f4030194cc3a41226c09aa9d8919acadd9bb963caca569bbf08d0f664 | P1321: {=IFERROR( HYPERLINK( "https://drive.google.com/file/d/"& XLOOKUP(O1321,'Hoa-Don'!A:A,'Hoa-Don'!D:D) &"/view", "🔎" ), "" )}
A1322: 1321 | B1322: 46184 | C1322: 3644 | D1322: CÔNG TY TNHH THÉP ỐNG ĐỨC VIỆT | E1322: THEPHOP | F1322: Thép hộp mạ kẽm 50x100x1.8x6000mm | G1322: NHAP | H1322: 444.42 | I1322: 17272.73 | N1322: e96765421d0457bfbef4db12dffa9f1b288462c96843daf52ed061a4d6d4448c | P1322: {=IFERROR( HYPERLINK( "https://drive.google.com/file/d/"& XLOOKUP(O1322,'Hoa-Don'!A:A,'Hoa-Don'!D:D) &"/view", "🔎" ), "" )}
A1323: 1324 | B1323: 46204 | C1323: 31 | D1323: CÔNG TY TNHH TMDV SƠN HÒA | E1323: THEPTAM | F1323: Thép tấm | G1323: XUAT | H1323: 280 | I1323: 15500 | N1323: c7fab4bc8a1bd24e04828dbabb019da4e374515b6c1965e2ab0e06fa2f0e63aa | P1323: {=IFERROR( HYPERLINK( "https://drive.google.com/file/d/"& XLOOKUP(O1323,'Hoa-Don'!A:A,'Hoa-Don'!D:D) &"/view", "🔎" ), "" )}
A1324: 1322 | B1324: 46195 | C1324: 3856 | D1324: CÔNG TY TNHH THÉP ỐNG ĐỨC VIỆT | E1324: THEPHOP | F1324: Thép hộp mạ kẽm 50x50x1.4x6000mm | G1324: NHAP | H1324: 917.28 | I1324: 17000 | N1324: e7bbb3376c3c356dd970b9b93bc046591fca4bb6d74226423586b3269253e922 | P1324: {=IFERROR( HYPERLINK( "https://drive.google.com/file/d/"& XLOOKUP(O1324,'Hoa-Don'!A:A,'Hoa-Don'!D:D) &"/view", "🔎" ), "" )}
A1325: 1323 | B1325: 46204 | C1325: 728 | D1325: CÔNG TY TNHH THÉP HOÀNG ĐÀO | E1325: THEPTAM | F1325: Thép tấm mạ kẽm chấn định hình | G1325: NHAP | H1325: 416 | I1325: 20455 | N1325: 2d0b4357d438357bbb9bc4028023798866e27abe4d5ea3823bc15677b8945533 | P1325: {=IFERROR( HYPERLINK( "https://drive.google.com/file/d/"& XLOOKUP(O1325,'Hoa-Don'!A:A,'Hoa-Don'!D:D) &"/view", "🔎" ), "" )}
A1326: 1325 | B1326: 46204 | C1326: 32 | D1326: CÔNG TY TNHH XÂY DỰNG VÀ THƯƠNG MẠI DỊCH VỤ BF | E1326: THEPTAM | F1326: Thép tấm mạ kẽm chấn định hình | G1326: XUAT | H1326: 416 | N1326: 92af93ebd61ddd310eb3b109c87da48bc549676ccf80db04771c1cbe5a0b6424 | P1326: {=IFERROR( HYPERLINK( "https://drive.google.com/file/d/"& XLOOKUP(O1326,'Hoa-Don'!A:A,'Hoa-Don'!D:D) &"/view", "🔎" ), "" )}
A1327: 1326 | B1327: 46206 | C1327: 33 | D1327: CÔNG TY CP SẢN XUẤT VÀ THƯƠNG MẠI TÍN THÀNH HƯNG | E1327: THEPTAM | F1327: Thép tấm | G1327: XUAT | H1327: 1938.93 | N1327: bc9c8e93121cb92ccf8d823af66be81257c95824423684350c3101027a80fd5c | P1327: {=IFERROR( HYPERLINK( "https://drive.google.com/file/d/"& XLOOKUP(O1327,'Hoa-Don'!A:A,'Hoa-Don'!D:D) &"/view", "🔎" ), "" )}
A1328: 1327 | B1328: 46211 | C1328: 317 | D1328: CÔNG TY TNHH THÉP HUYỀN LINH | E1328: THEPTAM | F1328: Thép tấm 4.5mm -6mm | G1328: NHAP | H1328: 3748 | I1328: 15637 | N1328: 2d2c93693bedb1ebd0c60191afa8f2fece9792d29bfa0eac5ef4306e705e491a | P1328: {=IFERROR( HYPERLINK( "https://drive.google.com/file/d/"& XLOOKUP(O1328,'Hoa-Don'!A:A,'Hoa-Don'!D:D) &"/view", "🔎" ), "" )}
A1329: 1328 | B1329: 46213 | C1329: 4409 | D1329: CÔNG TY TRÁCH NHIỆM HỮU HẠN THƯƠNG MẠI NGỌC HIẾU | E1329: THEPHINH | F1329: Thép V70x70x6x6000mm | G1329: NHAP | H1329: 360 | I1329: 15272.73 | N1329: d9409a05fc5e09aee50d71e0a35b64ce1448851a8b5ecdf6931fad3b5e63cf75 | P1329: {=IFERROR( HYPERLINK( "https://drive.google.com/file/d/"& XLOOKUP(O1329,'Hoa-Don'!A:A,'Hoa-Don'!D:D) &"/view", "🔎" ), "" )}
A1330: 1329 | B1330: 46213 | C1330: 4409 | D1330: CÔNG TY TRÁCH NHIỆM HỮU HẠN THƯƠNG MẠI NGỌC HIẾU | E1330: THEPHINH | F1330: Thép I120x6000mm | G1330: NHAP | H1330: 832 | I1330: 16000 | N1330: 4e4c801f9dc222c9ad92d679904e950920d1eaef886cd622d4a35d9f2c234fc0 | P1330: {=IFERROR( HYPERLINK( "https://drive.google.com/file/d/"& XLOOKUP(O1330,'Hoa-Don'!A:A,'Hoa-Don'!D:D) &"/view", "🔎" ), "" )}
A1331: 1330 | B1331: 46213 | C1331: 4409 | D1331: CÔNG TY TRÁCH NHIỆM HỮU HẠN THƯƠNG MẠI NGỌC HIẾU | E1331: THEPHINH | F1331: Thép U140x6000mm | G1331: NHAP | H1331: 1024 | I1331: 15636.36 | N1331: 90b4cedbd41ea526d5eb691a881b72a22bfde6dcca816b5fcb4188b29ea8e006 | P1331: {=IFERROR( HYPERLINK( "https://drive.google.com/file/d/"& XLOOKUP(O1331,'Hoa-Don'!A:A,'Hoa-Don'!D:D) &"/view", "🔎" ), "" )}
...

Sheet Hoa-Don
A1: invoiceKey | B1: XML_id | C1: XML_status | D1: PDF_id | E1: PDF_status | F1: View
A2: 20260309_1000677957_248 | B2: 1OeFgI4N2yeMgG_MyUYaO3tlfExMRFDTE | C2: ✔ | D2: 11btwXuuzIHQGifW9NeLCHxqedkBZ1NA9 | E2: ✔ | F2: {=IF(D2:D24="","",HYPERLINK("https://drive.google.com/file/d/"&D2:D24&"/view","🔎 Xem"))} -> 🔎 Xem
A3: 20261202_1000576500_30 | D3: 1R0kB6sDA5_nd_3rz5PY5V5SE0xIIXQkb | E3: ✔ | F3: 🔎 Xem
A4: 20260209_1000511768_40 | B4: 1qGY3MKDAu8k7eV7fHXMmZgiLHXwtdj1a | C4: ✔ | D4: 1G11gfytPIATmM0Nz0dCF9-yZccBXDpXE | E4: ✔ | F4: 🔎 Xem
A5: 20260112_0900676665_86 | B5: 1qq9ZcEqpDgslkXL1ARh8w1Kvi9ux-MLh | C5: ✔ | D5: 1YgqoTC7EfpUVdmNf4sFRJ6ug6giyM_ZX | E5: ✔ | F5: 🔎 Xem
A6: 20260112_1000511768_6 | B6: 1uMehHuRRbigu1BYRrl9rzwL3kxo8tfyn | C6: ✔ | D6: 1_aPiBrR47T4mi_8-SE3IUbAjhlJO6fhB | E6: ✔ | F6: 🔎 Xem
A7: 20260108_0900676665_60 | B7: 1wnigeryyI3cItsdwV6R3jXYFPZYwo_tF | C7: ✔ | D7: 1pPzWZA51Q9xeKVKhzivo3gLktqAA1KLC | E7: ✔ | F7: 🔎 Xem
A8: 20260318_4300847027_13 | B8: 1higSX8QqxSANLav61wxhpch8RiHg2Y9h | C8: ✔
A9: 20260318_1000451050_14 | B9: 12rI6g59uZq3eZ5-4o9hDZ7vIoce2ZIpR | C9: ✔
A10: 20260331_1001321047_15 | B10: 1KrqZuqRWr0yPp0A31Y3qB0v5fqaP4ygr | C10: ✔ | D10: 11bB-CYcfuPHexCvnaLBGarCMY4gA_irO | E10: ✔ | F10: 🔎 Xem
A11: 20260408_1000451050_16 | B11: 1ZlcMapqbzFzSdtLaaBT3fmckwXeTPQah | C11: ✔ | D11: 1Y3NCKYMwo0uFwzQ4gUuaHlKh_QGb_TOi | E11: ✔ | F11: 🔎 Xem
A12: 20260411_4300847027_17 | B12: 1Qp55PPtGDd8Zcm-bWsTZMUyjpfp9mIlE | C12: ✔ | D12: 1pUEGiwywYcuVfRcfTgI1tXKSYtA7LTvS | E12: ✔ | F12: 🔎 Xem
A13: 20260418_1001244025_18 | B13: 1D4I46Zz7xNsUsBUMcK5gOBhLeWgLUVPc | C13: ✔ | D13: 1BK2z7_aw6rPNnKYvdxup8BvpYjqWQTBy | E13: ✔ | F13: 🔎 Xem
A14: 20260422_0108132308_19 | B14: 1PQUXFeP8qwoSfNLyBebJDaPzQyfpjXve | C14: ✔ | D14: 1RVznr14qOPVxAvy8Ww33OLUU5dLfI0kz | E14: ✔ | F14: 🔎 Xem
A15: 20260428_1000451050_20 | B15: 1gq9OWRlRu1OTaUjhv_QitJYgPjmiQbTC | C15: ✔ | D15: 1LHAvI2shM-LVC7x6AdBii3hW-yX610QX | E15: ✔ | F15: 🔎 Xem
A16: 20260115_0108132308_4 | B16: 15yj93XnkfnJ3NCpghxb2Er07H2bQiDsi | C16: ✔ | D16: 1OeSAQLUfIEgqNkJ0hLQFdI84JrXPPtO3 | E16: ✔ | F16: 🔎 Xem
A17: 20260511_4300847027_21 | B17: 1bUcEdSGOn_4F51FFKKmi6OYylr61SNnN | C17: ✔ | D17: 1CutQAI3e4jDiqipbXTLD7zdYUrQVzQ0N | E17: ✔ | F17: 🔎 Xem
A18: 19700101_1000576500_101 | D18: 13NuAXwk2oUibT8cuWQpaTpdFNh6mHRab | E18: ✔ | F18: 🔎 Xem
A19: 20260514_0108132308_22 | B19: 11CkAJk0jiY0R9V_cL1ALt8V2SAOrBSqX | C19: ✔ | D19: 1U0RvGnKzALvNRGyv6zGzRkIjGPivrkmH | E19: ✔ | F19: 🔎 Xem
A20: 20260515_1001277292_23 | B20: 14ZKVjF8WfF0EdCrjn5Oyw_nrwDn0V6hg | C20: ✔ | D20: 1ZjamfbsByiSlJsYA9441UOCiyYYyiDR9 | E20: ✔ | F20: 🔎 Xem
A21: 20260517_1001277292_24 | B21: 1wfFUq_CTBF4_UQlzAge9GOzmQ6QfDiX0 | C21: ✔ | D21: 10sGjWbfqU418rkyAP6BWU-CvYG8pU4Nx | E21: ✔ | F21: 🔎 Xem
A22: 19700101_1000576500_102 | D22: 1QFOkov74g4CZSt1FYKy9y6Th3AZzXWsm | E22: ✔ | F22: 🔎 Xem
A23: 20260514_1000576500_102 | D23: 1cVVW9u2zwM7uA4UzjYeejciVRU-yNDZk | E23: ✔ | F23: 🔎 Xem
A24: 20260514_1000576500_101 | D24: 1RA68OGF3YehdY_cYsi-iQd5EIgmzg1Ha | E24: ✔ | F24: 🔎 Xem

Sheet MaHangHoa
A1: Mã hàng | B1: Tên hàng | C1: ĐVT
A2: THEPTAM | B2: Thép tấm | C2: kg
A3: THEPHINH | B3: Thép hình, Thép U, Thép I, Thép V, Thép H | C3: kg
A4: THEPHOP | B4: Thép hộp | C4: kg
A5: THEPONG | B5: Thép ống | C5: kg
A6: THEPGOC | B6: Thép góc | C6: kg
A7: XAGO | B7: Xà gồ | C7: kg
A8: ONGTHEP | B8: Ống thép, Ống tôn mạ CN 20x40x1.4x6.0 | C8: kg
A9: TONMA | B9: Tôn mạ | C9: kg
A10: Unknown_ID | B10: Chưa phân loại | C10: kg

Sheet PhanLoai
A1: P.loại
A2: NHAP
A3: XUAT

Sheet VietTat
A1: Tên đầy đủ | B1: Tên viết tắt
A2: Công Ty | B2: CT
A3: Trách Nhiệm Hữu Hạn | B3: TNHH
A4: Cổ Phần | B4: CP
A5: Một Thành Viên | B5: MTV
A6: Ct | B6: CT
A7: Tnhh | B7: TNHH
A8: Cp | B8: CP
A9: Mtv | B9: MTV
A10: Ktcttl | B10: KTCTTL
A11: Hts | B11: HTS
A12: Idico | B12: IDICO
... A28: Đầu Tư Xây Dựng Và Thương Mại Th | B28: Đầu Tư Xây Dựng Và Thương Mại TH

Sheet FileLog
A1: Dòng NX | B1: Ngày | C1: Mã hàng | D1: Diễn giải

Sheet VietHoaDon
A1: Trường | B1: Giá trị / Từ | C1: Đến | D1: Ghi chú | O1: SL1 | P1: ĐG1 | Q1: SL2 | R1: ĐG2 | S1: Giá trị
A2: SL mặt hàng 1 | D2: Named ranges: VHD_SL1_BE, VHD_SL1_TO
A3: ĐG mặt hàng 1 | D3: Named ranges: VHD_DG1_BE, VHD_DG1_TO
A4: SL mặt hàng 2 | D4: Named ranges: VHD_SL2_BE, VHD_SL2_TO; để trống nếu chỉ 1 mặt hàng
A5: ĐG mặt hàng 2 | D5: Named ranges: VHD_DG2_BE, VHD_DG2_TO; để trống nếu chỉ 1 mặt hàng
A6: Giá trị mục tiêu | D6: Named range: VHD_GIA_TRI_MUC_TIEU
A7: Trước thuế? | B7: TRUE | D7: TRUE: khớp trước thuế; FALSE: khớp sau thuế VAT 10%
A8: Ưu tiên SL nhỏ? | B8: FALSE | D8: Named range: VHD_UU_TIEN_SL
A9: Ưu tiên ĐG nhỏ? | B9: FALSE | D9: Named range: VHD_UU_TIEN_DG
